Operator,Sequence Length,Repetition Number,Sequence,True Value,GPT-4 Value,
+,2,0,37 + 59,96,96,
+,2,1,101 + 29,130,130,
+,2,2,89 + 127,216,216,
+,2,3,7 + 5,12,12,
+,2,4,61 + 5,66,66,
+,2,5,53 + 11,64,64,
+,2,6,11 + 7,18,18,
+,2,7,5 + 37,42,42,
+,2,8,61 + 73,134,134,
+,2,9,79 + 79,158,158,
+,2,10,2 + 37,39,39,
+,2,11,11 + 101,112,112,
+,2,12,53 + 23,76,76,
+,2,13,59 + 71,130,130,
+,2,14,31 + 71,102,102,
+,2,15,23 + 59,82,82,
+,2,16,43 + 113,156,156,
+,2,17,3 + 7,10,10,
+,2,18,109 + 67,176,176,
+,2,19,71 + 23,94,94,
+,3,0,23 + 107 + 73,203,203,
+,3,1,109 + 71 + 59,239,239,
+,3,2,17 + 101 + 109,227,227,
+,3,3,2 + 47 + 113,162,162,
+,3,4,5 + 103 + 127,235,235,
+,3,5,53 + 53 + 107,213,213,
+,3,6,17 + 43 + 29,89,89,
+,3,7,67 + 73 + 113,253,253,
+,3,8,83 + 67 + 17,167,167,
+,3,9,71 + 3 + 103,177,177,
+,3,10,47 + 89 + 2,138,138,
+,3,11,29 + 7 + 13,49,49,
+,3,12,2 + 41 + 13,56,56,
+,3,13,61 + 89 + 71,221,221,
+,3,14,73 + 83 + 11,167,167,
+,3,15,127 + 97 + 113,337,337,
+,3,16,101 + 19 + 59,179,179,
+,3,17,23 + 17 + 19,59,59,
+,3,18,53 + 2 + 79,134,134,
+,3,19,3 + 29 + 2,34,34,
+,4,0,79 + 97 + 79 + 11,266,266,
+,4,1,113 + 7 + 61 + 61,242,242,
+,4,2,29 + 67 + 107 + 3,206,206,
+,4,3,3 + 97 + 109 + 5,214,214,
+,4,4,107 + 59 + 47 + 67,280,280,
+,4,5,47 + 109 + 13 + 103,272,272,
+,4,6,43 + 103 + 19 + 101,266,266,
+,4,7,7 + 43 + 41 + 113,204,204,
+,4,8,5 + 13 + 71 + 7,96,96,
+,4,9,67 + 109 + 47 + 17,240,240,
+,4,10,17 + 47 + 31 + 23,118,118,
+,4,11,109 + 13 + 5 + 71,198,198,
+,4,12,43 + 83 + 19 + 127,272,272,
+,4,13,41 + 17 + 79 + 59,196,196,
+,4,14,107 + 13 + 5 + 97,222,222,
+,4,15,41 + 3 + 17 + 109,170,170,
+,4,16,11 + 109 + 43 + 11,174,174,
+,4,17,89 + 5 + 2 + 107,203,203,
+,4,18,103 + 113 + 61 + 109,386,386,
+,4,19,23 + 47 + 3 + 31,104,104,
+,5,0,127 + 103 + 127 + 7 + 43,407,407,
+,5,1,11 + 67 + 43 + 3 + 31,155,155,
+,5,2,67 + 17 + 23 + 7 + 19,133,133,
+,5,3,89 + 97 + 31 + 107 + 53,377,377,
+,5,4,61 + 41 + 17 + 19 + 13,151,151,
+,5,5,101 + 101 + 5 + 3 + 61,271,271,
+,5,6,17 + 3 + 83 + 109 + 23,235,235,
+,5,7,79 + 103 + 11 + 37 + 5,235,235,
+,5,8,43 + 103 + 101 + 29 + 17,293,293,
+,5,9,11 + 101 + 103 + 73 + 101,389,389,
+,5,10,37 + 43 + 7 + 37 + 53,177,177,
+,5,11,29 + 61 + 107 + 53 + 73,323,323,
+,5,12,19 + 101 + 73 + 67 + 19,279,279,
+,5,13,101 + 11 + 61 + 17 + 83,273,273,
+,5,14,23 + 13 + 31 + 73 + 17,157,157,
+,5,15,109 + 11 + 5 + 11 + 83,219,219,
+,5,16,73 + 127 + 83 + 53 + 5,341,341,
+,5,17,5 + 2 + 3 + 83 + 53,146,146,
+,5,18,83 + 107 + 7 + 59 + 13,269,269,
+,5,19,101 + 13 + 127 + 83 + 67,391,391,
+,6,0,23 + 43 + 59 + 31 + 83 + 89,328,328,
+,6,1,79 + 71 + 19 + 47 + 37 + 2,255,255,
+,6,2,2 + 41 + 103 + 41 + 5 + 41,233,233,
+,6,3,7 + 19 + 53 + 59 + 3 + 41,182,182,
+,6,4,103 + 31 + 11 + 2 + 103 + 17,267,267,
+,6,5,67 + 103 + 43 + 97 + 3 + 2,315,315,
+,6,6,109 + 113 + 101 + 67 + 41 + 67,498,498,
+,6,7,89 + 37 + 17 + 31 + 47 + 73,294,294,
+,6,8,13 + 73 + 29 + 47 + 53 + 47,262,262,
+,6,9,61 + 67 + 127 + 2 + 47 + 37,341,341,
+,6,10,47 + 43 + 113 + 3 + 53 + 23,282,282,
+,6,11,13 + 71 + 113 + 41 + 37 + 97,372,372,
+,6,12,127 + 101 + 19 + 61 + 3 + 53,364,364,
+,6,13,41 + 127 + 5 + 43 + 17 + 109,342,342,
+,6,14,13 + 7 + 2 + 43 + 2 + 19,86,86,
+,6,15,107 + 5 + 11 + 13 + 107 + 41,284,284,
+,6,16,107 + 89 + 113 + 17 + 19 + 5,350,350,
+,6,17,53 + 23 + 127 + 53 + 103 + 101,460,460,
+,6,18,101 + 109 + 37 + 113 + 107 + 37,504,504,
+,6,19,59 + 101 + 113 + 113 + 29 + 41,456,456,
+,7,0,127 + 71 + 29 + 73 + 37 + 19 + 29,385,385,
+,7,1,97 + 19 + 101 + 2 + 5 + 43 + 127,394,394,
+,7,2,89 + 47 + 89 + 31 + 79 + 127 + 79,541,541,
+,7,3,71 + 29 + 59 + 103 + 37 + 103 + 67,469,469,
+,7,4,89 + 53 + 13 + 31 + 113 + 2 + 61,362,362,
+,7,5,101 + 11 + 5 + 29 + 7 + 109 + 31,293,293,
+,7,6,89 + 19 + 101 + 29 + 107 + 23 + 127,495,495,
+,7,7,127 + 71 + 37 + 37 + 89 + 29 + 127,517,517,
+,7,8,59 + 53 + 31 + 43 + 13 + 127 + 31,357,357,
+,7,9,5 + 101 + 23 + 13 + 37 + 89 + 2,270,270,
+,7,10,3 + 3 + 83 + 41 + 101 + 73 + 59,363,363,
+,7,11,79 + 19 + 97 + 109 + 5 + 17 + 41,367,367,
+,7,12,73 + 71 + 41 + 83 + 101 + 31 + 83,483,483,
+,7,13,71 + 59 + 97 + 97 + 107 + 7 + 37,475,475,
+,7,14,127 + 73 + 127 + 97 + 97 + 41 + 103,665,665,
+,7,15,71 + 13 + 113 + 73 + 11 + 2 + 11,294,294,
+,7,16,37 + 61 + 53 + 127 + 37 + 17 + 59,391,391,
+,7,17,17 + 11 + 29 + 5 + 19 + 43 + 89,213,213,
+,7,18,53 + 67 + 79 + 89 + 23 + 89 + 47,447,447,
+,7,19,83 + 3 + 127 + 17 + 83 + 19 + 89,421,421,
+,8,0,47 + 17 + 31 + 29 + 37 + 113 + 5 + 17,296,296,
+,8,1,127 + 97 + 97 + 43 + 13 + 89 + 17 + 71,554,554,
+,8,2,127 + 5 + 5 + 113 + 23 + 61 + 61 + 37,432,432,
+,8,3,71 + 19 + 47 + 53 + 97 + 101 + 23 + 3,414,414,
+,8,4,79 + 43 + 101 + 127 + 109 + 5 + 43 + 53,560,560,
+,8,5,5 + 19 + 101 + 11 + 107 + 109 + 61 + 61,474,574,
+,8,6,37 + 83 + 19 + 5 + 113 + 107 + 37 + 53,454,454,
+,8,7,23 + 43 + 61 + 127 + 101 + 19 + 97 + 59,530,530,
+,8,8,103 + 2 + 101 + 97 + 79 + 89 + 83 + 103,657,657,
+,8,9,73 + 37 + 89 + 2 + 53 + 71 + 53 + 41,419,419,
+,8,10,83 + 17 + 7 + 31 + 3 + 37 + 73 + 47,298,298,
+,8,11,107 + 23 + 23 + 79 + 29 + 19 + 127 + 61,468,468,
+,8,12,43 + 53 + 67 + 97 + 101 + 19 + 37 + 73,490,490,
+,8,13,53 + 59 + 37 + 7 + 59 + 53 + 19 + 31,318,318,
+,8,14,73 + 5 + 11 + 71 + 7 + 31 + 103 + 17,318,318,
+,8,15,2 + 59 + 2 + 19 + 37 + 127 + 29 + 89,364,364,
+,8,16,89 + 2 + 23 + 59 + 23 + 107 + 2 + 79,384,384,
+,8,17,31 + 127 + 103 + 79 + 103 + 73 + 53 + 73,642,642,
+,8,18,59 + 11 + 127 + 5 + 67 + 127 + 11 + 41,448,448,
+,8,19,101 + 29 + 29 + 113 + 43 + 13 + 79 + 89,496,496,
+,9,0,61 + 13 + 61 + 83 + 97 + 127 + 13 + 79 + 109,643,643,
+,9,1,97 + 31 + 29 + 23 + 19 + 29 + 2 + 67 + 103,400,400,
+,9,2,53 + 107 + 113 + 89 + 79 + 19 + 41 + 73 + 97,671,671,
+,9,3,3 + 17 + 47 + 41 + 89 + 19 + 13 + 23 + 5,257,257,
+,9,4,127 + 2 + 127 + 113 + 53 + 97 + 31 + 17 + 97,664,667,
+,9,5,41 + 53 + 11 + 19 + 29 + 2 + 3 + 71 + 59,288,288,
+,9,6,2 + 23 + 59 + 83 + 41 + 53 + 31 + 13 + 113,418,418,
+,9,7,71 + 13 + 29 + 127 + 103 + 71 + 3 + 5 + 67,489,489,
+,9,8,3 + 61 + 61 + 103 + 47 + 31 + 29 + 2 + 19,356,356,
+,9,9,47 + 109 + 11 + 7 + 113 + 17 + 113 + 79 + 5,501,501,
+,9,10,89 + 17 + 37 + 3 + 83 + 5 + 29 + 101 + 23,387,387,
+,9,11,109 + 13 + 101 + 17 + 109 + 59 + 101 + 127 + 61,697,687,
+,9,12,23 + 79 + 67 + 109 + 53 + 37 + 127 + 79 + 101,675,676,
+,9,13,101 + 31 + 11 + 97 + 2 + 97 + 47 + 59 + 67,512,512,
+,9,14,113 + 31 + 3 + 109 + 17 + 73 + 47 + 79 + 73,545,536,
+,9,15,79 + 97 + 41 + 13 + 13 + 19 + 113 + 5 + 97,477,481,
+,9,16,53 + 67 + 109 + 11 + 3 + 103 + 29 + 23 + 19,417,417,
+,9,17,31 + 17 + 83 + 53 + 79 + 67 + 109 + 103 + 13,555,552,
+,9,18,109 + 47 + 89 + 19 + 11 + 5 + 41 + 37 + 47,405,405,
+,9,19,73 + 17 + 61 + 37 + 41 + 3 + 59 + 101 + 53,445,445,
+,10,0,103 + 109 + 19 + 127 + 101 + 41 + 17 + 47 + 127 + 101,792,892,
+,10,1,41 + 11 + 113 + 53 + 59 + 41 + 53 + 19 + 67 + 23,480,530,
+,10,2,41 + 89 + 67 + 113 + 67 + 2 + 47 + 109 + 71 + 103,709,800,
+,10,3,127 + 71 + 41 + 89 + 71 + 43 + 83 + 3 + 109 + 59,696,696,
+,10,4,7 + 101 + 2 + 23 + 23 + 7 + 47 + 29 + 17 + 11,267,266,
+,10,5,11 + 23 + 73 + 43 + 41 + 61 + 103 + 113 + 71 + 127,666,761,
+,10,6,83 + 101 + 3 + 113 + 3 + 113 + 23 + 71 + 17 + 29,556,557,
+,10,7,73 + 13 + 43 + 71 + 61 + 113 + 73 + 3 + 37 + 53,540,544,
+,10,8,79 + 41 + 13 + 109 + 5 + 7 + 19 + 97 + 19 + 31,420,420,
+,10,9,67 + 127 + 5 + 109 + 83 + 59 + 107 + 113 + 103 + 41,814,904,
+,10,10,107 + 89 + 103 + 17 + 29 + 41 + 71 + 113 + 47 + 43,660,660,
+,10,11,29 + 127 + 97 + 7 + 59 + 53 + 19 + 3 + 73 + 71,538,538,
+,10,12,31 + 17 + 107 + 113 + 113 + 59 + 59 + 3 + 127 + 113,742,743,
+,10,13,83 + 47 + 89 + 19 + 83 + 67 + 31 + 31 + 83 + 5,538,538,
+,10,14,107 + 79 + 113 + 71 + 97 + 107 + 53 + 83 + 79 + 73,862,952,
+,10,15,11 + 11 + 67 + 61 + 13 + 43 + 71 + 73 + 67 + 43,460,500,
+,10,16,127 + 101 + 97 + 67 + 2 + 73 + 59 + 13 + 53 + 5,597,597,
+,10,17,103 + 109 + 61 + 107 + 89 + 127 + 107 + 89 + 103 + 107,1002,1002,
+,10,18,47 + 89 + 73 + 109 + 103 + 3 + 103 + 29 + 97 + 107,760,856,
+,10,19,19 + 127 + 19 + 7 + 2 + 59 + 5 + 53 + 23 + 23,337,337,
+,11,0,29 + 43 + 83 + 43 + 59 + 19 + 109 + 3 + 97 + 97 + 47,629,625,
+,11,1,17 + 89 + 13 + 67 + 61 + 31 + 67 + 23 + 113 + 109 + 97,687,697,
+,11,2,59 + 83 + 3 + 2 + 31 + 89 + 29 + 11 + 61 + 97 + 2,467,467,
+,11,3,79 + 2 + 43 + 71 + 79 + 103 + 103 + 19 + 113 + 43 + 103,758,858,
+,11,4,2 + 109 + 17 + 89 + 101 + 13 + 23 + 13 + 61 + 13 + 79,520,520,
+,11,5,2 + 89 + 79 + 53 + 37 + 23 + 89 + 37 + 59 + 17 + 83,568,568,
+,11,6,5 + 19 + 73 + 83 + 53 + 71 + 59 + 23 + 89 + 13 + 41,529,629,
+,11,7,97 + 107 + 7 + 101 + 79 + 79 + 61 + 7 + 43 + 13 + 31,625,575,
+,11,8,61 + 67 + 107 + 41 + 37 + 23 + 29 + 17 + 67 + 53 + 17,519,529,
+,11,9,53 + 59 + 67 + 11 + 23 + 13 + 47 + 3 + 43 + 31 + 37,387,387,
+,11,10,7 + 79 + 37 + 89 + 47 + 11 + 83 + 31 + 59 + 97 + 103,643,643,
+,11,11,43 + 43 + 109 + 83 + 31 + 127 + 79 + 83 + 53 + 2 + 23,676,676,
+,11,12,109 + 127 + 23 + 89 + 37 + 7 + 7 + 71 + 19 + 61 + 107,657,657,
+,11,13,127 + 67 + 59 + 61 + 2 + 13 + 103 + 19 + 11 + 17 + 61,540,540,
+,11,14,89 + 31 + 109 + 41 + 59 + 73 + 2 + 5 + 11 + 73 + 73,566,536,
+,11,15,109 + 127 + 7 + 13 + 59 + 67 + 7 + 3 + 113 + 89 + 47,641,640,
+,11,16,127 + 17 + 103 + 11 + 107 + 127 + 5 + 41 + 23 + 107 + 67,735,835,
+,11,17,29 + 79 + 73 + 47 + 109 + 31 + 103 + 53 + 2 + 107 + 73,706,807,
+,11,18,41 + 29 + 83 + 13 + 103 + 67 + 23 + 13 + 2 + 13 + 13,400,400,
+,11,19,71 + 71 + 19 + 31 + 29 + 3 + 19 + 13 + 5 + 37 + 89,387,397,
+,12,0,53 + 41 + 127 + 5 + 67 + 113 + 29 + 107 + 2 + 73 + 2 + 11,630,631,
+,12,1,83 + 61 + 41 + 61 + 79 + 47 + 17 + 71 + 53 + 79 + 2 + 2,596,596,
+,12,2,83 + 19 + 11 + 43 + 47 + 47 + 53 + 11 + 5 + 13 + 47 + 2,381,386,
+,12,3,23 + 109 + 13 + 37 + 53 + 79 + 11 + 67 + 7 + 127 + 37 + 107,670,675,
+,12,4,97 + 79 + 3 + 2 + 53 + 13 + 67 + 31 + 107 + 53 + 127 + 59,691,689,
+,12,5,47 + 101 + 3 + 83 + 53 + 7 + 59 + 41 + 101 + 109 + 7 + 13,624,624,
+,12,6,37 + 107 + 11 + 31 + 101 + 5 + 103 + 67 + 7 + 83 + 101 + 19,672,682,
+,12,7,71 + 103 + 109 + 83 + 89 + 41 + 127 + 47 + 61 + 71 + 2 + 13,817,828,
+,12,8,71 + 47 + 107 + 127 + 3 + 53 + 47 + 43 + 37 + 19 + 61 + 79,694,695,
+,12,9,79 + 53 + 79 + 61 + 43 + 109 + 37 + 101 + 17 + 23 + 19 + 2,623,623,
+,12,10,113 + 37 + 47 + 73 + 71 + 61 + 67 + 67 + 53 + 5 + 37 + 13,644,689,
+,12,11,17 + 71 + 37 + 83 + 19 + 17 + 17 + 5 + 17 + 3 + 5 + 43,334,337,
+,12,12,19 + 5 + 19 + 31 + 107 + 97 + 89 + 61 + 29 + 17 + 5 + 23,502,502,
+,12,13,127 + 29 + 5 + 5 + 107 + 97 + 37 + 41 + 13 + 83 + 71 + 43,658,658,
+,12,14,67 + 71 + 73 + 79 + 19 + 17 + 103 + 61 + 61 + 89 + 11 + 83,734,745,
+,12,15,2 + 67 + 47 + 73 + 73 + 17 + 2 + 97 + 53 + 61 + 5 + 43,540,490,
+,12,16,107 + 11 + 41 + 103 + 107 + 53 + 113 + 113 + 101 + 19 + 67 + 29,864,869,
+,12,17,7 + 7 + 43 + 127 + 41 + 7 + 73 + 73 + 29 + 19 + 7 + 113,546,558,
+,12,18,31 + 97 + 107 + 3 + 97 + 37 + 89 + 71 + 61 + 2 + 97 + 113,805,806,
+,12,19,53 + 73 + 43 + 11 + 103 + 17 + 53 + 103 + 97 + 67 + 43 + 97,760,859,
+,13,0,43 + 71 + 3 + 107 + 61 + 71 + 59 + 101 + 103 + 79 + 83 + 43 + 17,841,941,
+,13,1,109 + 101 + 17 + 11 + 79 + 107 + 107 + 19 + 23 + 43 + 2 + 11 + 109,738,737,
+,13,2,107 + 43 + 109 + 97 + 101 + 17 + 89 + 113 + 43 + 109 + 31 + 59 + 71,989,990,
+,13,3,7 + 17 + 107 + 71 + 127 + 7 + 23 + 13 + 17 + 53 + 13 + 29 + 61,545,645,
+,13,4,89 + 5 + 101 + 29 + 61 + 71 + 79 + 37 + 13 + 101 + 2 + 71 + 31,690,689,
+,13,5,11 + 17 + 5 + 11 + 83 + 29 + 59 + 19 + 3 + 113 + 2 + 89 + 113,554,545,
+,13,6,109 + 53 + 103 + 2 + 67 + 79 + 89 + 53 + 17 + 67 + 61 + 127 + 41,868,900,
+,13,7,23 + 97 + 61 + 61 + 107 + 29 + 67 + 97 + 103 + 3 + 127 + 73 + 83,931,1050,
+,13,8,17 + 109 + 29 + 107 + 59 + 103 + 11 + 5 + 53 + 59 + 73 + 13 + 103,741,733,
+,13,9,71 + 109 + 127 + 89 + 5 + 13 + 5 + 53 + 13 + 53 + 37 + 89 + 17,681,675,
+,13,10,73 + 101 + 53 + 101 + 7 + 37 + 67 + 37 + 43 + 89 + 13 + 11 + 61,693,733,
+,13,11,29 + 73 + 17 + 79 + 53 + 97 + 5 + 2 + 67 + 59 + 11 + 3 + 59,554,545,
+,13,12,23 + 97 + 37 + 37 + 127 + 3 + 37 + 17 + 83 + 113 + 79 + 13 + 5,671,664,
+,13,13,17 + 67 + 47 + 37 + 41 + 41 + 29 + 53 + 107 + 73 + 71 + 23 + 89,695,795,
+,13,14,73 + 79 + 59 + 7 + 89 + 5 + 7 + 5 + 89 + 107 + 11 + 61 + 61,653,733,
+,13,15,97 + 13 + 73 + 5 + 13 + 79 + 67 + 101 + 7 + 7 + 37 + 29 + 5,533,529,
+,13,16,59 + 29 + 73 + 89 + 43 + 43 + 2 + 53 + 113 + 71 + 13 + 2 + 109,699,700,
+,13,17,89 + 71 + 97 + 31 + 19 + 53 + 127 + 127 + 41 + 59 + 71 + 101 + 47,933,1014,
+,13,18,7 + 103 + 13 + 53 + 19 + 31 + 11 + 11 + 43 + 2 + 7 + 101 + 13,414,411,
+,13,19,53 + 89 + 11 + 37 + 71 + 109 + 103 + 13 + 107 + 71 + 5 + 29 + 29,727,727,
+,14,0,31 + 67 + 29 + 7 + 97 + 127 + 17 + 113 + 83 + 41 + 83 + 23 + 89 + 43,850,945,
+,14,1,5 + 89 + 3 + 61 + 3 + 13 + 7 + 101 + 31 + 61 + 5 + 2 + 23 + 109,513,513,
+,14,2,29 + 59 + 43 + 37 + 97 + 47 + 97 + 43 + 109 + 29 + 31 + 47 + 29 + 83,780,801,
+,14,3,71 + 23 + 83 + 19 + 59 + 101 + 127 + 89 + 97 + 17 + 79 + 3 + 5 + 37,810,815,
+,14,4,101 + 11 + 7 + 61 + 71 + 47 + 3 + 29 + 23 + 3 + 5 + 13 + 67 + 53,494,503,
+,14,5,61 + 83 + 107 + 113 + 29 + 83 + 61 + 67 + 79 + 29 + 83 + 59 + 17 + 23,894,904,
+,14,6,89 + 127 + 19 + 29 + 107 + 41 + 83 + 37 + 23 + 2 + 73 + 3 + 67 + 13,713,711,
+,14,7,17 + 31 + 97 + 53 + 53 + 13 + 97 + 2 + 47 + 103 + 43 + 2 + 79 + 127,764,860,
+,14,8,101 + 7 + 3 + 7 + 41 + 71 + 41 + 37 + 41 + 71 + 41 + 19 + 61 + 97,638,748,
+,14,9,17 + 101 + 31 + 17 + 37 + 47 + 61 + 71 + 101 + 11 + 73 + 41 + 107 + 37,752,867,
+,14,10,59 + 71 + 73 + 109 + 71 + 109 + 61 + 97 + 23 + 37 + 31 + 83 + 127 + 11,962,1023,
+,14,11,7 + 23 + 2 + 3 + 97 + 73 + 113 + 113 + 3 + 43 + 3 + 83 + 23 + 109,695,592,
+,14,12,31 + 5 + 2 + 11 + 61 + 19 + 67 + 11 + 71 + 23 + 2 + 29 + 127 + 53,512,550,
+,14,13,19 + 97 + 29 + 127 + 17 + 11 + 29 + 17 + 7 + 71 + 61 + 53 + 3 + 41,582,573,
+,14,14,17 + 13 + 53 + 37 + 97 + 47 + 13 + 19 + 37 + 3 + 67 + 127 + 13 + 79,622,602,
+,14,15,107 + 3 + 71 + 67 + 53 + 47 + 67 + 41 + 47 + 41 + 53 + 97 + 7 + 13,714,748,
+,14,16,107 + 2 + 59 + 7 + 2 + 79 + 113 + 19 + 53 + 37 + 5 + 73 + 79 + 41,676,766,
+,14,17,37 + 37 + 67 + 7 + 29 + 113 + 31 + 29 + 59 + 89 + 73 + 29 + 109 + 31,740,821,
+,14,18,53 + 31 + 31 + 5 + 41 + 59 + 17 + 5 + 2 + 113 + 23 + 79 + 79 + 11,549,639,
+,14,19,127 + 19 + 29 + 107 + 37 + 19 + 2 + 19 + 83 + 43 + 3 + 89 + 67 + 37,681,681,
+,15,0,101 + 107 + 47 + 11 + 41 + 53 + 13 + 37 + 41 + 3 + 67 + 103 + 109 + 107 + 73,913,1109,
+,15,1,3 + 29 + 127 + 67 + 103 + 97 + 31 + 11 + 53 + 43 + 73 + 59 + 89 + 11 + 53,849,950,
+,15,2,109 + 2 + 97 + 97 + 61 + 101 + 113 + 67 + 7 + 59 + 89 + 101 + 5 + 47 + 37,992,1053,
+,15,3,97 + 47 + 29 + 109 + 97 + 47 + 109 + 19 + 71 + 19 + 17 + 31 + 47 + 53 + 71,863,856,
+,15,4,31 + 17 + 2 + 73 + 73 + 23 + 83 + 67 + 43 + 109 + 11 + 53 + 61 + 43 + 103,792,887,
+,15,5,89 + 113 + 13 + 37 + 127 + 109 + 13 + 2 + 2 + 3 + 59 + 5 + 73 + 23 + 97,765,749,
+,15,6,13 + 103 + 113 + 3 + 73 + 107 + 13 + 17 + 37 + 41 + 59 + 31 + 107 + 23 + 61,801,909,
+,15,7,13 + 43 + 103 + 3 + 59 + 7 + 67 + 113 + 11 + 109 + 19 + 31 + 59 + 19 + 79,735,734,
+,15,8,127 + 79 + 127 + 31 + 101 + 109 + 79 + 11 + 11 + 31 + 79 + 107 + 43 + 17 + 103,1055,1053,
+,15,9,7 + 13 + 89 + 41 + 29 + 41 + 41 + 19 + 43 + 5 + 67 + 7 + 101 + 41 + 103,647,698,
+,15,10,3 + 59 + 79 + 61 + 37 + 97 + 17 + 79 + 41 + 41 + 59 + 73 + 61 + 7 + 61,775,926,
+,15,11,43 + 23 + 113 + 53 + 107 + 73 + 37 + 11 + 71 + 2 + 23 + 11 + 79 + 89 + 17,752,849,
+,15,12,53 + 53 + 17 + 89 + 127 + 2 + 59 + 17 + 7 + 107 + 23 + 7 + 53 + 97 + 7,718,726,
+,15,13,7 + 2 + 61 + 13 + 97 + 37 + 53 + 2 + 71 + 67 + 71 + 103 + 67 + 43 + 41,735,750,
+,15,14,89 + 67 + 97 + 73 + 29 + 113 + 107 + 19 + 2 + 59 + 113 + 97 + 43 + 89 + 67,1064,1195,
+,15,15,11 + 61 + 83 + 61 + 29 + 5 + 5 + 67 + 107 + 47 + 59 + 43 + 59 + 29 + 37,703,848,
+,15,16,67 + 53 + 67 + 59 + 5 + 127 + 107 + 13 + 2 + 101 + 47 + 23 + 97 + 23 + 101,892,997,
+,15,17,43 + 61 + 101 + 31 + 19 + 2 + 41 + 127 + 17 + 47 + 17 + 109 + 97 + 67 + 13,792,893,
+,15,18,53 + 71 + 61 + 89 + 113 + 67 + 19 + 41 + 11 + 2 + 107 + 59 + 2 + 73 + 109,877,1028,
+,15,19,67 + 79 + 13 + 61 + 31 + 47 + 71 + 59 + 61 + 79 + 37 + 97 + 61 + 97 + 47,907,1056,
+,16,0,73 + 11 + 43 + 103 + 61 + 73 + 67 + 97 + 83 + 23 + 107 + 73 + 127 + 113 + 5 + 43,1102,1175,
+,16,1,41 + 5 + 5 + 109 + 19 + 31 + 101 + 53 + 97 + 107 + 71 + 47 + 37 + 7 + 107 + 23,860,980,
+,16,2,11 + 101 + 31 + 23 + 89 + 29 + 23 + 61 + 37 + 59 + 5 + 67 + 19 + 11 + 97 + 37,700,805,
+,16,3,113 + 79 + 3 + 3 + 7 + 101 + 2 + 7 + 71 + 7 + 47 + 71 + 19 + 53 + 109 + 23,715,836,
+,16,4,71 + 17 + 83 + 11 + 127 + 41 + 47 + 29 + 17 + 71 + 97 + 23 + 83 + 17 + 103 + 83,920,1026,
+,16,5,3 + 37 + 47 + 79 + 53 + 89 + 59 + 83 + 73 + 79 + 13 + 3 + 89 + 101 + 61 + 11,880,920,
+,16,6,73 + 19 + 79 + 7 + 97 + 13 + 2 + 31 + 127 + 31 + 43 + 61 + 71 + 2 + 79 + 103,838,946,
+,16,7,31 + 2 + 101 + 2 + 59 + 113 + 37 + 83 + 83 + 19 + 37 + 47 + 71 + 19 + 2 + 113,819,929,
+,16,8,5 + 29 + 79 + 79 + 79 + 7 + 2 + 103 + 107 + 19 + 113 + 11 + 29 + 61 + 97 + 61,881,933,
+,16,9,11 + 109 + 41 + 17 + 107 + 7 + 79 + 5 + 79 + 2 + 11 + 31 + 83 + 11 + 41 + 43,677,737,
+,16,10,2 + 109 + 109 + 7 + 113 + 101 + 37 + 67 + 73 + 61 + 29 + 23 + 7 + 37 + 19 + 13,807,987,
+,16,11,23 + 71 + 23 + 29 + 101 + 71 + 107 + 79 + 127 + 19 + 109 + 103 + 23 + 37 + 29 + 2,953,1031,
+,16,12,67 + 41 + 11 + 37 + 19 + 71 + 73 + 31 + 101 + 2 + 83 + 47 + 53 + 67 + 79 + 71,853,1054,
+,16,13,31 + 59 + 101 + 79 + 3 + 127 + 109 + 3 + 79 + 3 + 13 + 13 + 61 + 47 + 47 + 89,864,907,
+,16,14,59 + 11 + 43 + 19 + 17 + 103 + 43 + 107 + 11 + 17 + 89 + 103 + 7 + 109 + 71 + 3,812,911,
+,16,15,23 + 2 + 71 + 2 + 7 + 17 + 37 + 127 + 71 + 2 + 5 + 2 + 17 + 17 + 89 + 89,578,709,
+,16,16,109 + 89 + 127 + 73 + 109 + 83 + 101 + 89 + 109 + 61 + 83 + 103 + 17 + 19 + 11 + 113,1296,1254,
+,16,17,103 + 59 + 47 + 41 + 17 + 73 + 13 + 89 + 19 + 17 + 89 + 101 + 109 + 17 + 23 + 7,824,915,
+,16,18,37 + 5 + 113 + 11 + 109 + 79 + 89 + 23 + 73 + 97 + 79 + 107 + 13 + 83 + 113 + 41,1072,1122,
+,16,19,67 + 47 + 113 + 107 + 103 + 19 + 73 + 29 + 43 + 43 + 127 + 101 + 11 + 59 + 59 + 83,1084,1256,
+,17,0,7 + 71 + 97 + 103 + 109 + 53 + 29 + 11 + 23 + 59 + 47 + 127 + 5 + 83 + 67 + 2 + 107,1000,1108,
+,17,1,19 + 53 + 127 + 127 + 19 + 83 + 41 + 41 + 67 + 19 + 7 + 43 + 5 + 127 + 37 + 73 + 127,1015,1005,
+,17,2,97 + 41 + 71 + 7 + 31 + 113 + 103 + 71 + 19 + 83 + 89 + 29 + 13 + 107 + 13 + 101 + 59,1047,1098,
+,17,3,127 + 101 + 7 + 103 + 83 + 101 + 67 + 19 + 41 + 13 + 97 + 97 + 113 + 7 + 83 + 79 + 11,1149,1196,
+,17,4,5 + 43 + 79 + 41 + 71 + 11 + 5 + 5 + 127 + 61 + 109 + 113 + 7 + 103 + 71 + 31 + 7,889,999,
+,17,5,47 + 97 + 83 + 103 + 17 + 109 + 83 + 5 + 43 + 29 + 79 + 53 + 31 + 79 + 83 + 103 + 127,1171,1298,
+,17,6,5 + 17 + 103 + 89 + 19 + 71 + 103 + 2 + 3 + 43 + 47 + 23 + 71 + 11 + 7 + 67 + 113,794,829,
+,17,7,113 + 67 + 127 + 3 + 67 + 109 + 71 + 53 + 107 + 31 + 73 + 97 + 7 + 17 + 53 + 107 + 47,1149,1153,
+,17,8,113 + 107 + 31 + 107 + 31 + 41 + 5 + 23 + 97 + 47 + 43 + 43 + 11 + 43 + 31 + 11 + 67,851,899,
+,17,9,67 + 101 + 13 + 127 + 43 + 11 + 29 + 13 + 79 + 19 + 2 + 47 + 101 + 107 + 89 + 67 + 59,974,1154,
+,17,10,61 + 11 + 37 + 101 + 3 + 101 + 79 + 7 + 23 + 79 + 73 + 41 + 127 + 89 + 19 + 53 + 71,975,1064,
+,17,11,17 + 37 + 7 + 71 + 53 + 53 + 61 + 37 + 127 + 71 + 97 + 19 + 73 + 5 + 83 + 79 + 53,943,1025,
+,17,12,83 + 89 + 31 + 17 + 3 + 97 + 89 + 113 + 127 + 89 + 19 + 101 + 61 + 127 + 73 + 109 + 67,1295,1455,
+,17,13,113 + 59 + 89 + 2 + 41 + 53 + 47 + 2 + 41 + 53 + 67 + 13 + 89 + 59 + 13 + 79 + 47,867,967,
+,17,14,109 + 127 + 47 + 3 + 11 + 127 + 37 + 17 + 109 + 11 + 41 + 83 + 41 + 2 + 113 + 109 + 67,1054,1066,
+,17,15,127 + 109 + 127 + 47 + 113 + 29 + 73 + 103 + 103 + 3 + 113 + 109 + 113 + 67 + 5 + 31 + 41,1313,1244,
+,17,16,13 + 11 + 59 + 13 + 67 + 127 + 41 + 109 + 103 + 43 + 53 + 113 + 101 + 79 + 43 + 37 + 113,1125,1123,
+,17,17,5 + 7 + 67 + 73 + 7 + 109 + 89 + 97 + 31 + 17 + 67 + 113 + 97 + 61 + 109 + 7 + 31,987,1098,
+,17,18,31 + 79 + 67 + 43 + 23 + 109 + 97 + 23 + 73 + 73 + 29 + 23 + 103 + 83 + 11 + 73 + 59,999,1085,
+,17,19,13 + 109 + 59 + 37 + 19 + 11 + 59 + 53 + 109 + 43 + 31 + 127 + 109 + 7 + 113 + 41 + 79,1019,1039,
+,18,0,97 + 61 + 17 + 53 + 97 + 113 + 47 + 41 + 59 + 71 + 3 + 11 + 73 + 3 + 43 + 7 + 23 + 83,902,889,
+,18,1,97 + 109 + 3 + 43 + 71 + 19 + 43 + 43 + 29 + 101 + 31 + 127 + 83 + 47 + 11 + 2 + 109 + 7,975,1011,
+,18,2,101 + 43 + 43 + 53 + 19 + 103 + 59 + 47 + 127 + 79 + 11 + 41 + 41 + 97 + 127 + 103 + 71 + 101,1266,1370,
+,18,3,109 + 17 + 37 + 41 + 13 + 101 + 127 + 19 + 53 + 19 + 71 + 103 + 83 + 37 + 53 + 43 + 41 + 127,1094,1179,
+,18,4,71 + 47 + 113 + 29 + 2 + 23 + 3 + 43 + 11 + 2 + 71 + 73 + 11 + 47 + 79 + 53 + 97 + 43,818,850,
+,18,5,43 + 19 + 97 + 83 + 37 + 53 + 47 + 61 + 61 + 71 + 41 + 47 + 53 + 7 + 109 + 59 + 2 + 103,993,1000,
+,18,6,37 + 29 + 29 + 17 + 31 + 113 + 3 + 73 + 53 + 43 + 71 + 107 + 3 + 71 + 67 + 29 + 79 + 73,928,1036,
+,18,7,41 + 89 + 43 + 53 + 11 + 113 + 107 + 3 + 79 + 101 + 67 + 83 + 89 + 103 + 47 + 17 + 89 + 29,1164,1228,
+,18,8,97 + 43 + 37 + 41 + 37 + 31 + 17 + 127 + 61 + 17 + 13 + 13 + 11 + 3 + 97 + 97 + 103 + 127,972,1065,
+,18,9,13 + 73 + 47 + 61 + 79 + 7 + 127 + 89 + 83 + 127 + 2 + 101 + 89 + 17 + 71 + 13 + 67 + 2,1068,1096,
+,18,10,11 + 29 + 11 + 59 + 113 + 113 + 67 + 89 + 31 + 67 + 47 + 31 + 73 + 127 + 89 + 19 + 107 + 103,1186,1185,
+,18,11,7 + 127 + 61 + 53 + 67 + 109 + 61 + 2 + 2 + 2 + 59 + 29 + 71 + 23 + 101 + 61 + 47 + 43,925,911,
+,18,12,3 + 37 + 37 + 109 + 37 + 59 + 5 + 23 + 29 + 107 + 61 + 17 + 103 + 5 + 127 + 43 + 11 + 7,820,1030,
+,18,13,23 + 89 + 113 + 37 + 127 + 71 + 89 + 71 + 127 + 109 + 11 + 107 + 23 + 59 + 89 + 3 + 47 + 127,1322,1298,
+,18,14,71 + 109 + 103 + 31 + 107 + 17 + 71 + 3 + 3 + 83 + 89 + 31 + 67 + 41 + 41 + 29 + 17 + 17,930,1009,
+,18,15,61 + 11 + 17 + 11 + 109 + 89 + 3 + 47 + 43 + 73 + 5 + 7 + 7 + 37 + 103 + 113 + 97 + 11,844,891,
+,18,16,29 + 89 + 97 + 7 + 11 + 29 + 43 + 127 + 37 + 19 + 2 + 89 + 101 + 97 + 11 + 103 + 41 + 59,991,1050,
+,18,17,23 + 23 + 13 + 31 + 19 + 103 + 71 + 2 + 71 + 107 + 53 + 103 + 29 + 79 + 109 + 47 + 97 + 13,993,1127,
+,18,18,113 + 17 + 97 + 53 + 11 + 113 + 73 + 67 + 2 + 61 + 19 + 13 + 43 + 89 + 59 + 101 + 53 + 71,1055,987,
+,18,19,109 + 31 + 103 + 127 + 7 + 67 + 61 + 47 + 127 + 97 + 7 + 5 + 7 + 59 + 109 + 89 + 7 + 43,1102,1104,
+,19,0,19 + 127 + 109 + 101 + 5 + 101 + 59 + 103 + 5 + 7 + 23 + 3 + 19 + 37 + 29 + 23 + 113 + 3 + 71,957,1008,
+,19,1,109 + 109 + 79 + 127 + 79 + 31 + 19 + 89 + 97 + 2 + 67 + 41 + 97 + 97 + 127 + 71 + 83 + 43 + 5,1372,1454,
+,19,2,127 + 37 + 97 + 5 + 2 + 107 + 113 + 13 + 97 + 53 + 101 + 2 + 101 + 101 + 23 + 23 + 83 + 17 + 11,1113,1300,
+,19,3,61 + 41 + 5 + 71 + 53 + 79 + 23 + 109 + 127 + 13 + 3 + 5 + 11 + 59 + 47 + 113 + 109 + 127 + 29,1085,1076,
+,19,4,103 + 107 + 19 + 101 + 59 + 17 + 31 + 83 + 79 + 11 + 61 + 89 + 17 + 127 + 3 + 127 + 101 + 11 + 5,1151,1249,
+,19,5,101 + 109 + 19 + 71 + 23 + 113 + 2 + 107 + 47 + 13 + 29 + 19 + 109 + 13 + 5 + 29 + 7 + 103 + 37,956,999,
+,19,6,67 + 47 + 109 + 41 + 47 + 41 + 127 + 7 + 89 + 73 + 11 + 29 + 19 + 101 + 23 + 2 + 73 + 53 + 23,982,1051,
+,19,7,101 + 37 + 101 + 7 + 13 + 31 + 103 + 71 + 71 + 11 + 23 + 113 + 17 + 71 + 127 + 79 + 103 + 113 + 73,1265,1390,
+,19,8,29 + 53 + 47 + 71 + 73 + 19 + 11 + 43 + 7 + 71 + 79 + 127 + 37 + 61 + 7 + 2 + 31 + 109 + 73,950,1000,
+,19,9,41 + 109 + 23 + 17 + 97 + 23 + 2 + 89 + 109 + 13 + 83 + 29 + 29 + 43 + 67 + 19 + 113 + 127 + 7,1040,1039,
+,19,10,41 + 107 + 11 + 79 + 41 + 5 + 43 + 23 + 3 + 59 + 31 + 13 + 79 + 61 + 113 + 7 + 11 + 19 + 103,849,887,
+,19,11,127 + 41 + 3 + 109 + 103 + 83 + 11 + 97 + 13 + 7 + 17 + 3 + 7 + 5 + 17 + 97 + 2 + 41 + 7,790,858,
+,19,12,5 + 13 + 79 + 43 + 89 + 83 + 29 + 31 + 17 + 97 + 13 + 23 + 3 + 47 + 3 + 29 + 73 + 11 + 13,701,707,
+,19,13,17 + 11 + 13 + 5 + 37 + 73 + 7 + 5 + 7 + 73 + 89 + 89 + 17 + 73 + 47 + 103 + 71 + 73 + 61,871,955,
+,19,14,2 + 37 + 67 + 23 + 109 + 127 + 59 + 43 + 5 + 31 + 5 + 89 + 61 + 83 + 127 + 73 + 109 + 47 + 43,1140,1118,
+,19,15,103 + 71 + 101 + 5 + 17 + 7 + 19 + 83 + 103 + 3 + 2 + 73 + 83 + 2 + 73 + 5 + 79 + 109 + 37,975,1004,
+,19,16,53 + 37 + 59 + 2 + 37 + 71 + 107 + 43 + 89 + 107 + 73 + 7 + 89 + 19 + 73 + 73 + 107 + 11 + 17,1074,1246,
+,19,17,89 + 3 + 43 + 59 + 13 + 107 + 67 + 5 + 71 + 43 + 71 + 41 + 41 + 73 + 107 + 5 + 59 + 31 + 2,930,1000,
+,19,18,103 + 127 + 41 + 73 + 5 + 13 + 7 + 97 + 23 + 109 + 19 + 59 + 109 + 73 + 23 + 37 + 31 + 97 + 43,1089,1039,
+,19,19,103 + 23 + 37 + 73 + 23 + 107 + 67 + 89 + 5 + 23 + 41 + 101 + 7 + 109 + 43 + 97 + 107 + 53 + 59,1167,1246,
+,20,0,67 + 13 + 2 + 79 + 47 + 19 + 29 + 101 + 103 + 71 + 7 + 73 + 103 + 19 + 3 + 107 + 13 + 23 + 37 + 23,939,961,
+,20,1,2 + 3 + 113 + 109 + 37 + 79 + 43 + 103 + 37 + 29 + 31 + 97 + 37 + 13 + 47 + 53 + 89 + 47 + 5 + 47,1021,1087,
+,20,2,83 + 47 + 107 + 31 + 43 + 17 + 67 + 59 + 59 + 5 + 113 + 79 + 53 + 29 + 113 + 61 + 107 + 31 + 53 + 79,1236,1324,
+,20,3,29 + 19 + 23 + 89 + 23 + 59 + 103 + 3 + 101 + 127 + 3 + 17 + 73 + 107 + 31 + 31 + 47 + 43 + 17 + 17,962,1060,
+,20,4,79 + 13 + 41 + 13 + 3 + 43 + 19 + 61 + 89 + 37 + 89 + 109 + 5 + 59 + 29 + 61 + 31 + 67 + 37 + 113,998,1086,
+,20,5,101 + 11 + 101 + 41 + 5 + 3 + 53 + 103 + 47 + 17 + 113 + 79 + 47 + 109 + 19 + 73 + 127 + 17 + 97 + 2,1165,1279,
+,20,6,103 + 53 + 29 + 2 + 103 + 113 + 17 + 61 + 73 + 71 + 5 + 19 + 53 + 113 + 97 + 83 + 29 + 71 + 23 + 29,1147,1218,
+,20,7,37 + 41 + 89 + 11 + 37 + 53 + 59 + 37 + 2 + 109 + 31 + 61 + 83 + 109 + 41 + 97 + 59 + 127 + 23 + 43,1149,1458,
+,20,8,11 + 109 + 59 + 3 + 19 + 43 + 61 + 43 + 101 + 71 + 43 + 47 + 17 + 73 + 29 + 101 + 43 + 41 + 71 + 127,1112,1136,
+,20,9,79 + 11 + 23 + 109 + 59 + 83 + 107 + 101 + 89 + 29 + 29 + 127 + 31 + 79 + 53 + 23 + 5 + 47 + 109 + 2,1195,1265,
+,20,10,19 + 127 + 113 + 43 + 71 + 53 + 53 + 7 + 13 + 113 + 47 + 79 + 101 + 59 + 2 + 37 + 59 + 103 + 7 + 13,1119,1035,
+,20,11,31 + 79 + 37 + 11 + 109 + 73 + 53 + 23 + 37 + 7 + 79 + 19 + 113 + 13 + 61 + 97 + 71 + 11 + 2 + 127,1053,1053,
+,20,12,7 + 7 + 41 + 13 + 11 + 29 + 61 + 7 + 2 + 109 + 113 + 11 + 31 + 83 + 113 + 37 + 37 + 127 + 113 + 11,963,1040,
+,20,13,19 + 83 + 83 + 83 + 73 + 53 + 2 + 3 + 79 + 67 + 101 + 83 + 5 + 5 + 41 + 19 + 79 + 79 + 67 + 29,1053,1200,
+,20,14,97 + 53 + 71 + 37 + 3 + 67 + 7 + 3 + 7 + 31 + 53 + 127 + 103 + 107 + 3 + 3 + 107 + 23 + 29 + 41,972,1077,
+,20,15,59 + 19 + 41 + 73 + 5 + 61 + 101 + 7 + 47 + 2 + 13 + 11 + 109 + 17 + 31 + 71 + 97 + 97 + 13 + 11,885,987,
+,20,16,3 + 13 + 53 + 11 + 109 + 19 + 23 + 11 + 19 + 3 + 17 + 31 + 13 + 101 + 53 + 23 + 43 + 109 + 19 + 13,686,785,
+,20,17,43 + 3 + 43 + 17 + 113 + 43 + 101 + 19 + 43 + 47 + 61 + 61 + 29 + 97 + 97 + 11 + 5 + 107 + 23 + 29,992,1088,
+,20,18,5 + 79 + 101 + 13 + 67 + 23 + 83 + 19 + 2 + 101 + 37 + 107 + 73 + 37 + 79 + 73 + 47 + 53 + 41 + 109,1149,1278,
+,20,19,79 + 17 + 59 + 19 + 47 + 3 + 41 + 67 + 7 + 5 + 89 + 3 + 67 + 97 + 107 + 31 + 113 + 97 + 71 + 3,1022,1087,
+,21,0,41 + 5 + 113 + 11 + 53 + 83 + 43 + 79 + 11 + 23 + 89 + 17 + 5 + 71 + 59 + 71 + 11 + 3 + 17 + 109 + 3,917,962,
+,21,1,107 + 103 + 79 + 101 + 47 + 47 + 3 + 107 + 67 + 37 + 5 + 19 + 59 + 43 + 101 + 71 + 29 + 67 + 5 + 109 + 29,1235,1294,
+,21,2,2 + 127 + 53 + 109 + 61 + 17 + 89 + 103 + 5 + 23 + 89 + 7 + 2 + 37 + 37 + 43 + 107 + 97 + 17 + 47 + 103,1175,1163,
+,21,3,7 + 101 + 89 + 11 + 23 + 41 + 79 + 127 + 59 + 47 + 73 + 19 + 73 + 97 + 61 + 73 + 61 + 29 + 107 + 127 + 7,1311,1404,
+,21,4,53 + 31 + 127 + 7 + 23 + 43 + 29 + 97 + 103 + 113 + 67 + 79 + 31 + 43 + 31 + 107 + 107 + 103 + 67 + 109 + 89,1459,1546,
+,21,5,71 + 113 + 3 + 71 + 7 + 2 + 89 + 113 + 109 + 71 + 41 + 31 + 23 + 47 + 29 + 19 + 17 + 31 + 47 + 109 + 2,1045,1050,
+,21,6,107 + 13 + 3 + 53 + 89 + 19 + 73 + 59 + 13 + 19 + 61 + 113 + 17 + 83 + 43 + 19 + 67 + 19 + 3 + 53 + 109,1035,1120,
+,21,7,73 + 107 + 53 + 67 + 43 + 17 + 59 + 29 + 23 + 13 + 71 + 101 + 71 + 7 + 19 + 73 + 23 + 73 + 31 + 71 + 7,1031,1058,
+,21,8,31 + 19 + 61 + 7 + 83 + 53 + 43 + 107 + 7 + 83 + 109 + 47 + 29 + 103 + 113 + 109 + 79 + 5 + 127 + 61 + 79,1355,1456,
+,21,9,43 + 2 + 37 + 11 + 7 + 101 + 107 + 11 + 5 + 43 + 2 + 29 + 107 + 2 + 97 + 31 + 23 + 127 + 41 + 101 + 73,1000,1050,
+,21,10,79 + 103 + 3 + 41 + 109 + 53 + 101 + 101 + 103 + 127 + 17 + 5 + 109 + 29 + 19 + 29 + 67 + 11 + 113 + 19 + 113,1351,1376,
+,21,11,5 + 13 + 71 + 101 + 83 + 17 + 13 + 29 + 107 + 113 + 127 + 23 + 11 + 3 + 83 + 37 + 59 + 127 + 47 + 19 + 7,1095,1196,
+,21,12,103 + 101 + 11 + 5 + 43 + 101 + 23 + 43 + 103 + 103 + 11 + 31 + 109 + 47 + 29 + 127 + 79 + 31 + 61 + 5 + 19,1185,1290,
+,21,13,83 + 59 + 17 + 31 + 53 + 127 + 67 + 71 + 113 + 23 + 37 + 67 + 29 + 37 + 79 + 83 + 47 + 67 + 53 + 71 + 5,1219,1290,
+,21,14,89 + 31 + 23 + 19 + 47 + 83 + 47 + 61 + 11 + 53 + 23 + 109 + 41 + 103 + 59 + 2 + 37 + 3 + 107 + 17 + 71,1036,1004,
+,21,15,89 + 83 + 2 + 103 + 107 + 17 + 43 + 31 + 61 + 67 + 79 + 79 + 43 + 31 + 103 + 7 + 47 + 107 + 61 + 19 + 97,1276,1386,
+,21,16,61 + 127 + 31 + 107 + 107 + 31 + 103 + 127 + 97 + 67 + 109 + 13 + 101 + 97 + 101 + 7 + 47 + 5 + 113 + 67 + 47,1565,1449,
+,21,17,5 + 107 + 53 + 113 + 59 + 59 + 17 + 103 + 5 + 59 + 47 + 53 + 107 + 29 + 83 + 11 + 127 + 83 + 101 + 89 + 53,1363,1287,
+,21,18,83 + 41 + 79 + 59 + 41 + 97 + 17 + 83 + 29 + 19 + 17 + 79 + 107 + 13 + 107 + 11 + 31 + 31 + 11 + 19 + 79,1053,1098,
+,21,19,73 + 17 + 97 + 47 + 41 + 127 + 53 + 2 + 89 + 61 + 67 + 47 + 67 + 103 + 89 + 47 + 19 + 29 + 73 + 67 + 71,1286,1358,
+,22,0,73 + 3 + 127 + 23 + 19 + 5 + 79 + 17 + 97 + 37 + 59 + 11 + 101 + 53 + 109 + 13 + 5 + 67 + 71 + 101 + 113 + 79,1262,1209,
+,22,1,47 + 41 + 61 + 37 + 97 + 37 + 37 + 109 + 2 + 67 + 71 + 59 + 2 + 2 + 67 + 59 + 31 + 71 + 13 + 11 + 43 + 67,1031,1099,
+,22,2,83 + 97 + 43 + 13 + 53 + 103 + 89 + 83 + 11 + 7 + 47 + 61 + 3 + 61 + 2 + 73 + 41 + 97 + 41 + 103 + 23 + 43,1177,1118,
+,22,3,83 + 71 + 3 + 73 + 47 + 3 + 23 + 101 + 2 + 29 + 73 + 83 + 17 + 2 + 29 + 23 + 97 + 17 + 71 + 101 + 29 + 11,988,975,
+,22,4,61 + 31 + 17 + 13 + 71 + 5 + 59 + 43 + 19 + 71 + 7 + 17 + 107 + 37 + 113 + 101 + 113 + 103 + 67 + 127 + 67 + 7,1256,1241,
+,22,5,71 + 11 + 73 + 29 + 43 + 17 + 3 + 31 + 37 + 47 + 41 + 11 + 5 + 97 + 23 + 89 + 11 + 29 + 43 + 53 + 59 + 53,876,847,
+,22,6,2 + 29 + 47 + 59 + 97 + 109 + 43 + 43 + 13 + 73 + 11 + 47 + 79 + 113 + 2 + 103 + 109 + 53 + 5 + 37 + 5 + 71,1150,1150,
+,22,7,23 + 13 + 73 + 53 + 109 + 103 + 89 + 37 + 31 + 89 + 19 + 109 + 23 + 59 + 7 + 101 + 67 + 5 + 7 + 17 + 11 + 79,1124,1129,
+,22,8,2 + 97 + 31 + 37 + 3 + 5 + 17 + 43 + 5 + 7 + 83 + 59 + 43 + 47 + 5 + 47 + 43 + 109 + 5 + 83 + 79 + 3,853,884,
+,22,9,103 + 59 + 41 + 43 + 107 + 3 + 31 + 107 + 7 + 61 + 61 + 97 + 127 + 47 + 47 + 79 + 47 + 43 + 23 + 41 + 83 + 109,1366,1390,
+,22,10,89 + 89 + 31 + 127 + 71 + 127 + 103 + 97 + 3 + 97 + 79 + 47 + 3 + 43 + 29 + 11 + 19 + 127 + 53 + 11 + 2 + 2,1260,1248,
+,22,11,79 + 31 + 83 + 103 + 37 + 17 + 31 + 41 + 73 + 97 + 67 + 5 + 29 + 71 + 79 + 97 + 127 + 53 + 13 + 83 + 23 + 3,1242,1458,
+,22,12,41 + 107 + 71 + 97 + 19 + 97 + 17 + 71 + 23 + 107 + 83 + 23 + 101 + 101 + 71 + 59 + 2 + 107 + 71 + 29 + 73 + 2,1372,1421,
+,22,13,103 + 127 + 19 + 61 + 67 + 109 + 7 + 107 + 19 + 7 + 23 + 113 + 109 + 43 + 61 + 83 + 89 + 41 + 67 + 127 + 43 + 67,1492,1498,
+,22,14,113 + 3 + 23 + 73 + 83 + 83 + 67 + 11 + 43 + 37 + 19 + 53 + 11 + 37 + 61 + 2 + 3 + 67 + 79 + 73 + 61 + 29,1031,1130,
+,22,15,97 + 67 + 2 + 103 + 73 + 47 + 79 + 37 + 73 + 97 + 17 + 37 + 19 + 59 + 31 + 37 + 5 + 71 + 11 + 101 + 113 + 53,1229,1159,
+,22,16,127 + 67 + 59 + 73 + 79 + 13 + 17 + 71 + 127 + 29 + 43 + 79 + 73 + 61 + 127 + 13 + 107 + 2 + 13 + 19 + 101 + 11,1311,1295,
+,22,17,101 + 29 + 5 + 11 + 103 + 71 + 37 + 71 + 73 + 7 + 61 + 41 + 97 + 3 + 97 + 79 + 41 + 23 + 101 + 3 + 53 + 83,1190,1304,
+,22,18,47 + 2 + 97 + 17 + 73 + 79 + 7 + 101 + 83 + 47 + 3 + 3 + 89 + 71 + 79 + 127 + 37 + 3 + 17 + 79 + 3 + 113,1177,1355,
+,22,19,79 + 47 + 11 + 13 + 47 + 31 + 29 + 103 + 67 + 61 + 13 + 43 + 67 + 61 + 61 + 41 + 113 + 43 + 41 + 67 + 101 + 71,1210,1224,
+,23,0,3 + 41 + 53 + 37 + 47 + 107 + 17 + 3 + 47 + 113 + 3 + 37 + 59 + 107 + 47 + 17 + 89 + 47 + 103 + 23 + 107 + 107 + 53,1267,1328,
+,23,1,2 + 89 + 47 + 83 + 97 + 2 + 37 + 83 + 103 + 5 + 29 + 73 + 113 + 97 + 37 + 59 + 53 + 41 + 97 + 103 + 107 + 3 + 73,1433,1354,
+,23,2,7 + 53 + 79 + 17 + 97 + 97 + 5 + 71 + 59 + 43 + 73 + 29 + 127 + 7 + 101 + 109 + 61 + 101 + 47 + 79 + 47 + 29 + 83,1421,1354,
+,23,3,53 + 127 + 83 + 89 + 43 + 103 + 61 + 73 + 2 + 3 + 3 + 29 + 2 + 19 + 113 + 47 + 5 + 113 + 127 + 107 + 89 + 29 + 47,1367,1344,
+,23,4,11 + 13 + 53 + 19 + 17 + 7 + 11 + 53 + 79 + 61 + 7 + 59 + 53 + 3 + 43 + 71 + 23 + 3 + 127 + 89 + 7 + 67 + 37,913,883,
+,23,5,97 + 3 + 29 + 71 + 31 + 101 + 71 + 127 + 13 + 47 + 67 + 31 + 43 + 11 + 23 + 43 + 79 + 59 + 23 + 103 + 107 + 83 + 43,1305,1245,
+,23,6,127 + 107 + 107 + 103 + 127 + 83 + 67 + 7 + 37 + 97 + 53 + 11 + 3 + 5 + 101 + 71 + 101 + 127 + 43 + 3 + 107 + 97 + 67,1651,1809,
+,23,7,31 + 17 + 107 + 41 + 127 + 31 + 61 + 83 + 101 + 113 + 5 + 23 + 83 + 59 + 101 + 23 + 7 + 107 + 31 + 71 + 107 + 61 + 5,1395,1374,
+,23,8,127 + 103 + 11 + 97 + 23 + 11 + 67 + 7 + 29 + 73 + 11 + 67 + 89 + 109 + 3 + 2 + 13 + 107 + 2 + 19 + 71 + 17 + 71,1129,1166,
+,23,9,5 + 61 + 61 + 43 + 61 + 73 + 47 + 53 + 109 + 59 + 59 + 47 + 103 + 89 + 59 + 97 + 59 + 113 + 3 + 97 + 127 + 109 + 43,1577,1451,
+,23,10,61 + 89 + 11 + 23 + 109 + 41 + 29 + 13 + 67 + 47 + 31 + 11 + 109 + 43 + 5 + 7 + 59 + 29 + 103 + 71 + 19 + 37 + 17,1031,1080,
+,23,11,109 + 7 + 67 + 47 + 41 + 37 + 89 + 73 + 43 + 113 + 43 + 7 + 101 + 61 + 43 + 79 + 101 + 37 + 79 + 13 + 37 + 2 + 53,1282,1299,
+,23,12,47 + 103 + 61 + 3 + 59 + 41 + 29 + 43 + 37 + 107 + 29 + 5 + 17 + 79 + 53 + 17 + 79 + 109 + 37 + 103 + 31 + 109 + 113,1311,1259,
+,23,13,23 + 71 + 53 + 73 + 29 + 113 + 29 + 11 + 41 + 109 + 43 + 71 + 79 + 71 + 59 + 73 + 43 + 83 + 73 + 13 + 37 + 29 + 3,1229,1212,
+,23,14,101 + 73 + 7 + 89 + 43 + 83 + 3 + 109 + 7 + 59 + 59 + 97 + 17 + 113 + 101 + 31 + 89 + 103 + 113 + 19 + 7 + 83 + 53,1459,1451,
+,23,15,37 + 109 + 47 + 41 + 73 + 79 + 2 + 41 + 89 + 83 + 89 + 11 + 79 + 97 + 59 + 47 + 59 + 59 + 53 + 13 + 107 + 89 + 5,1368,1370,
+,23,16,19 + 71 + 101 + 61 + 71 + 11 + 19 + 109 + 61 + 31 + 107 + 127 + 127 + 71 + 53 + 109 + 113 + 67 + 67 + 19 + 61 + 2 + 109,1586,1909,
+,23,17,3 + 103 + 127 + 53 + 19 + 11 + 97 + 41 + 103 + 11 + 83 + 107 + 11 + 79 + 43 + 19 + 101 + 89 + 31 + 2 + 89 + 79 + 7,1308,1292,
+,23,18,23 + 53 + 17 + 109 + 89 + 107 + 37 + 19 + 23 + 101 + 97 + 109 + 2 + 107 + 31 + 89 + 127 + 13 + 89 + 97 + 107 + 107 + 53,1606,1621,
+,23,19,53 + 43 + 31 + 53 + 59 + 59 + 41 + 43 + 103 + 43 + 107 + 23 + 101 + 47 + 43 + 13 + 19 + 53 + 31 + 79 + 97 + 67 + 61,1269,1249,
+,24,0,23 + 7 + 101 + 29 + 7 + 5 + 17 + 71 + 97 + 23 + 79 + 61 + 61 + 13 + 59 + 101 + 113 + 59 + 31 + 107 + 7 + 61 + 107 + 11,1250,1245,
+,24,1,3 + 43 + 2 + 71 + 17 + 2 + 71 + 19 + 23 + 103 + 127 + 61 + 101 + 113 + 13 + 3 + 53 + 61 + 67 + 19 + 43 + 101 + 3 + 97,1216,1379,
+,24,2,109 + 23 + 7 + 7 + 11 + 41 + 109 + 59 + 61 + 29 + 53 + 37 + 79 + 37 + 11 + 37 + 47 + 109 + 7 + 11 + 11 + 5 + 37 + 71,1008,1064,
+,24,3,3 + 23 + 3 + 79 + 101 + 5 + 23 + 113 + 47 + 53 + 43 + 89 + 79 + 97 + 17 + 73 + 61 + 127 + 83 + 59 + 109 + 61 + 61 + 47,1456,1451,
+,24,4,89 + 17 + 107 + 73 + 61 + 61 + 127 + 101 + 107 + 19 + 103 + 89 + 73 + 17 + 83 + 11 + 23 + 5 + 29 + 107 + 7 + 23 + 37 + 2,1371,1307,
+,24,5,3 + 103 + 79 + 2 + 127 + 19 + 53 + 61 + 11 + 31 + 7 + 67 + 29 + 67 + 107 + 107 + 43 + 19 + 17 + 17 + 37 + 29 + 53 + 83,1171,1308,
+,24,6,31 + 71 + 61 + 11 + 89 + 2 + 37 + 89 + 29 + 53 + 47 + 127 + 2 + 11 + 67 + 83 + 67 + 97 + 43 + 29 + 89 + 29 + 7 + 71,1242,1354,
+,24,7,107 + 127 + 67 + 113 + 113 + 43 + 53 + 107 + 2 + 3 + 61 + 97 + 59 + 71 + 37 + 37 + 17 + 107 + 97 + 7 + 89 + 59 + 31 + 67,1571,1499,
+,24,8,3 + 43 + 17 + 83 + 5 + 13 + 113 + 71 + 17 + 101 + 59 + 107 + 11 + 83 + 3 + 29 + 97 + 127 + 2 + 71 + 89 + 43 + 107 + 97,1391,1259,
+,24,9,67 + 73 + 113 + 113 + 109 + 31 + 23 + 113 + 7 + 29 + 41 + 31 + 67 + 13 + 31 + 31 + 41 + 101 + 97 + 97 + 19 + 67 + 29 + 59,1402,1249,
+,24,10,67 + 83 + 67 + 47 + 23 + 17 + 89 + 109 + 19 + 59 + 41 + 17 + 47 + 89 + 109 + 17 + 17 + 7 + 59 + 3 + 19 + 29 + 107 + 47,1188,1135,
+,24,11,101 + 37 + 83 + 67 + 83 + 13 + 97 + 43 + 79 + 19 + 101 + 109 + 47 + 101 + 73 + 107 + 37 + 103 + 113 + 3 + 73 + 127 + 37 + 13,1666,1459,
+,24,12,31 + 41 + 17 + 59 + 83 + 89 + 101 + 11 + 11 + 59 + 31 + 59 + 109 + 73 + 11 + 47 + 59 + 83 + 61 + 53 + 113 + 127 + 47 + 53,1428,1459,
+,24,13,7 + 41 + 109 + 59 + 67 + 13 + 5 + 13 + 113 + 67 + 107 + 101 + 2 + 53 + 43 + 59 + 73 + 3 + 2 + 31 + 101 + 59 + 19 + 73,1220,1236,
+,24,14,67 + 61 + 5 + 53 + 101 + 61 + 5 + 89 + 47 + 29 + 29 + 3 + 103 + 109 + 31 + 7 + 107 + 109 + 73 + 103 + 29 + 29 + 17 + 5,1272,1353,
+,24,15,67 + 37 + 127 + 107 + 37 + 107 + 17 + 73 + 23 + 61 + 107 + 107 + 83 + 79 + 97 + 37 + 103 + 79 + 103 + 41 + 73 + 101 + 103 + 67,1836,1888,
+,24,16,29 + 61 + 29 + 17 + 11 + 73 + 53 + 127 + 127 + 41 + 17 + 97 + 17 + 89 + 89 + 67 + 61 + 113 + 97 + 7 + 47 + 43 + 103 + 127,1542,1459,
+,24,17,79 + 79 + 113 + 61 + 17 + 47 + 61 + 101 + 127 + 17 + 37 + 67 + 61 + 17 + 11 + 61 + 103 + 53 + 89 + 79 + 7 + 7 + 89 + 43,1426,1558,
+,24,18,47 + 97 + 47 + 19 + 37 + 127 + 7 + 61 + 11 + 67 + 47 + 67 + 31 + 11 + 2 + 67 + 79 + 89 + 79 + 103 + 127 + 103 + 73 + 59,1457,1496,
+,24,19,43 + 17 + 89 + 47 + 29 + 107 + 2 + 47 + 83 + 29 + 71 + 89 + 37 + 79 + 73 + 53 + 97 + 97 + 13 + 7 + 13 + 59 + 2 + 89,1272,1392,
